epoch,train_loss,val_loss,mae,rmse,r2
1,0.08221339713269318,0.13761871259681985,7.211680464918836,10.159450067064267,0.679920988924632
2,0.05516607105792415,0.15427554322422868,7.937718009526836,10.677819214016695,0.6464246960527011
3,0.04818740089093903,0.2017506560721177,8.588291278858776,12.856414365238237,0.4874260637567839
4,0.04212242599778575,0.13915264347976114,7.302392676694062,10.171220388565581,0.6791788985087585
5,0.03439244344426787,0.13388980546316204,7.0837298573913285,10.057512535214222,0.6863119595009437
6,0.032594746246964165,0.17007974024714836,8.09189174890647,11.61810946762279,0.5814110837123936
7,0.029828246966785914,0.1309186493789519,6.6592008364930555,10.194645321753164,0.6776994562050596
8,0.03064806814707861,0.11819014555543202,6.538251531479981,9.43507152862322,0.7239376439118118
9,0.025122951034761986,0.14157042376153117,7.295389109583239,10.386612336642365,0.665447221219452
10,0.024090588735635125,0.12392325143904312,6.717561465891967,9.585039339693912,0.7150920317651325
11,0.02312236696576699,0.19067047922126573,8.77595138116797,12.27062179620253,0.5330719789745162
12,0.02367914846947973,0.13367464569037343,7.2851599946459835,9.965489738851199,0.6920259750691767
13,0.021086939669642472,0.18883756803671786,8.396888630719147,12.31807617888202,0.5294534783080689
14,0.021190025959724156,0.12627548698962174,6.842753109300424,9.712132415829313,0.7074864515699264
15,0.018196811595129054,0.09569694383764778,5.768995611858889,8.447326999647956,0.7787132508568385
16,0.017016560687721036,0.11602596103226827,6.344488810944283,9.50451765289031,0.7198588161753245
17,0.017172913442432484,0.09485681387935799,5.802680388264036,8.347195175872734,0.7839282780193566
18,0.015090198112234486,0.0925287720058001,5.683730208317413,8.29314608394477,0.786717399475645
19,0.015518422805256461,0.09333730848320203,5.7305986988290725,8.29771814969137,0.7864821664619166
20,0.01366115800855005,0.09791566617412609,5.856848199930527,8.52367272505159,0.7746952599586181
21,0.013799348379741956,0.0923707122975001,5.685308486178281,8.321301947296988,0.7852667196791628
22,0.013492351930056299,0.09349120918309536,5.755228339357911,8.318619327492462,0.7854051487137159
23,0.012949102849385698,0.09809330539691792,5.951833147890735,8.47290936388024,0.7773709066286079
24,0.011874697755960685,0.10033236547046992,5.979088020380312,8.605218301694746,0.7703636788510562
25,0.013433782354113815,0.10312850667539253,6.113940328721991,8.741406227372048,0.7630376203971837
26,0.011764877023765295,0.0900214509533223,5.692059749351582,8.167399632370088,0.7931362426359471
27,0.0137862344636085,0.0873521115513592,5.55177343626248,8.087900455047423,0.7971437508588437
28,0.011446922794049182,0.08992016581944468,5.748909509312056,8.091951224073249,0.79694050167381
29,0.012117666233642936,0.09473932062868935,5.752451433547599,8.383923335195746,0.7820226376893878
30,0.011673731668937279,0.0949726961702807,5.817353566026141,8.438413636320334,0.7791799946165139
31,0.011181382491798184,0.1124546552365128,6.474331832412822,9.123643589144116,0.7418611213647194
32,0.01157168548616792,0.09597438685121906,5.8032953477277935,8.463739421456186,0.7778525336966162
33,0.011002901671127767,0.0887707999226876,5.568056443478978,8.150400156010202,0.7939964713606575
34,0.00883330067312569,0.0894312337140708,5.651006215126244,8.118780961084404,0.7955917380550018
35,0.009063695535016247,0.08575702406720515,5.492131539445439,7.973685545781324,0.8028326472311209
36,0.008930887388439498,0.09170567705648423,5.6467290483457155,8.248362927749618,0.7890146408015709
37,0.008464458894002908,0.09170854909311822,5.737827519139535,8.294168434604734,0.7866648107366063
38,0.008270410113241734,0.09450891011625988,5.865199767994494,8.372667758568745,0.7826075223304887
39,0.00882212030834925,0.0950823028441531,5.841494536660952,8.453003038868355,0.7784157711328937
40,0.008825980108911379,0.0890768572253943,5.5729818128788216,8.199310370850068,0.7915166155227951
41,0.008110210470049943,0.08600772676985693,5.5189439710969035,8.014316597873778,0.800818138926316
42,0.0077948623182485756,0.08752621357982301,5.516946847233397,8.083252472191544,0.7973768401375418
43,0.007707720653725271,0.0884003260030055,5.62256302814464,8.086236749915765,0.7972271985404531
44,0.007385376118656795,0.0943405626632388,5.80610545146335,8.408875482427758,0.7807232228992333
45,0.007296559317331622,0.08719280728919349,5.5566962289167146,8.042804891508165,0.7993995684184234
46,0.007559308234518013,0.08956697240112535,5.628516784147965,8.191352774670701,0.7919210938141116
47,0.007172963030499216,0.08565326097402011,5.497799976271334,7.962232817548639,0.8033986295286886
48,0.006690948600582595,0.08596003435088019,5.485395770723101,8.00476823362374,0.8012924720742507
49,0.006755412679291901,0.0869050453637202,5.577901612680057,8.010995636268216,0.8009831781419381
50,0.0073836679064100096,0.08847391675741019,5.64221664320905,8.086449870608032,0.7972165098478897
51,0.006718206028171991,0.08906218938514521,5.60882390639216,8.140004924439353,0.7945216207301229
52,0.00681011029121082,0.0859621538439415,5.5331052529308575,7.963490683721436,0.8033365068168614
53,0.006359138032429565,0.08408817408602667,5.490173933505077,7.865382232019888,0.8081523596902271
54,0.00612441885941674,0.08547717636502276,5.532588348267985,7.964022982144614,0.8033102150385127
55,0.006712793592785673,0.08320712318615234,5.417627499276476,7.875775518490701,0.8076450112080384
56,0.006206793669838986,0.08351146608930422,5.466626164965657,7.872650395562628,0.8077976345831022
57,0.005985659658606589,0.08450590492502523,5.449309529368233,7.924706391604143,0.8052474478393687
58,0.006774995773472054,0.0847372332386977,5.477844879792234,7.952131913318848,0.8038971308994518
59,0.005876753371564056,0.08531250659194235,5.525895125594213,7.937053342404874,0.8046401134389138
60,0.006662296995917841,0.08665777745607389,5.515389067759436,8.059584966037974,0.7985616513850853
61,0.0063243233504314085,0.08780294813699796,5.638286653163763,8.057014491756835,0.798690121902072
62,0.006525753235962038,0.0827533745313561,5.426487408710996,7.838483704281587,0.8094623011425154
63,0.005721157669569834,0.08652161204737062,5.599708774307576,7.9823881174669165,0.8024020309576436
64,0.006121634317454576,0.08754614321171877,5.66734926183224,8.026280183130138,0.8002230269818467
65,0.0062307712783031995,0.08366966079883102,5.478897152796602,7.858567235073138,0.808484670218871
66,0.005634946770676212,0.0842785132501202,5.471271095397594,7.926196672407676,0.8051741925625806
67,0.0063024926510342905,0.08615061038904197,5.5791445892507525,7.978704754684056,0.802584346593524
68,0.006563137331019447,0.08433477281126812,5.5013302154007295,7.885216966293495,0.8071835460089785
69,0.005524979837366167,0.08393112695803996,5.482656435167592,7.870535218186085,0.8079009003096251
70,0.005734094995433172,0.08489974299713979,5.526507955492975,7.904016974273408,0.8062630203696516
71,0.005194557897754119,0.08683943864250056,5.576122182750155,8.027372022847425,0.8001686707259387
72,0.005446267699090355,0.08432206586103111,5.49075069847467,7.892662662221162,0.8068192363121882
73,0.005825441053919267,0.08535498121412745,5.5111408105584845,7.942932135957995,0.8043506090803907
74,0.006103781813103085,0.08400383892569539,5.4509811607800565,7.902653442632959,0.8063298582108829
75,0.0060142538699442085,0.08488049007807494,5.523879056759803,7.906086415330814,0.8061615581012974
76,0.005815664687609801,0.08576304203040314,5.54434484000322,7.95541229958536,0.8037353061585694
77,0.0051618973346455686,0.08564997601403299,5.552300690771733,7.953909934729007,0.8038094276058241
78,0.005774100050675596,0.08329454281449078,5.477597464656045,7.829330411427734,0.809907037427793
79,0.00540764354735017,0.08448476507281666,5.492907391192646,7.903046263471529,0.806310604030279
80,0.005417188021220252,0.08277498348818796,5.442121001268287,7.821631047537042,0.8102807284499844
