epoch,train_loss,val_loss,mae
1,0.10949288208876372,0.2299150558960813,10.051816708109541
2,0.07680957235980987,0.22660017915803637,9.760865404595918
3,0.061073031020627375,0.14679333314359466,7.474997024457178
4,0.05276875921139956,0.1511211278339959,7.509296466391538
5,0.050294823370284535,0.13948525449950985,7.247472269756826
6,0.04438915833187462,0.14083963964191842,7.309352982847405
7,0.04362546858466542,0.17575572993000002,8.173540287975808
8,0.03921722095935751,0.14447384774784713,7.493749578377004
9,0.03599732759201123,0.15272019384834323,7.699758936014976
10,0.036482216998118655,0.15718118176213544,7.869476016983735
11,0.03353879142361546,0.13956727112948455,7.3381953888158185
12,0.02776604542852536,0.15038042016981115,7.784978259587247
13,0.02533953018125953,0.14877860156017028,7.49566860077986
14,0.024674086411321933,0.13108246425654532,7.154624107443414
15,0.022533579622358905,0.13111755244648465,6.964053736336548
16,0.021279754425862912,0.13921943330751796,7.462801472022399
17,0.0212652375530295,0.13374801834188127,7.167437091172985
18,0.020335794340951896,0.1259309274218702,6.819230987726367
19,0.019001896794042322,0.1309838617259196,6.926054317379165
20,0.01818945313234695,0.11993594307948979,6.738930694774487
21,0.01754513617860808,0.13436341181157901,7.181877031455444
22,0.01770066320264652,0.1306562295404362,7.014405856114985
23,0.01758970406907118,0.1378452258492706,7.071658882853214
24,0.015933849282348995,0.12734764782189126,6.755211900096148
25,0.01608770824639573,0.13231727195939838,7.131657680683955
26,0.014962506962503447,0.12894542560689976,6.872972242738614
27,0.014634034904170704,0.1162009414033409,6.519913755709484
28,0.013437670015955845,0.13013840964524362,6.980152940606534
29,0.012390075803614809,0.12312094711281274,6.7766476396771145
30,0.012474946755407444,0.11953170166637223,6.603550377078539
31,0.011450998881797762,0.12220659026625327,6.810342344132169
32,0.011902110227978737,0.12559549985559532,6.799330537276465
33,0.010506429919183375,0.1210824850964131,6.6624280324354945
34,0.011133838723454397,0.11451790802934309,6.511968461141971
35,0.010324819659141182,0.12212918626427731,6.666584588001243
36,0.009919989919945731,0.11931442124525812,6.6302245625071095
37,0.009857178620899097,0.1172142567690674,6.603109693977714
38,0.00955113220659806,0.11906715190039333,6.654086327375689
39,0.01002479108442857,0.11523540584246983,6.5225440087289215
40,0.009584485518526673,0.12051133953698594,6.728516172206811
41,0.009091243685431773,0.11783598289667202,6.5978654790620395
42,0.009104565715390818,0.12258541870710041,6.752490404428256
43,0.008233731744799605,0.11672706331381523,6.520285136817207
44,0.008798544616547745,0.11801988863787312,6.599030583705712
45,0.009568633902569684,0.1199358553867051,6.664825056386654
46,0.00846591410832979,0.12045043986852107,6.632621101369393
47,0.00845239964488951,0.11955812304203972,6.5993520014079525
48,0.008700879349531695,0.11873476343243136,6.6085941755806905
49,0.008392536442190348,0.1209416824872671,6.675096998486031
50,0.00877442581606616,0.11705749438999487,6.556720570344275
51,0.008257433525425599,0.11904431939404521,6.587670529441147
52,0.00789360339696387,0.11682001280000125,6.540934407635061
53,0.00793554117728777,0.11795500661661301,6.566283385024948
54,0.008152105701265257,0.11732153835277867,6.536419294762357
55,0.007868190351317703,0.1183543582892885,6.589865878939088
56,0.007373666171641911,0.11700700151584968,6.538993982168187
57,0.007992895446357192,0.1214298146532952,6.6962620438217
58,0.007465236804223266,0.1188163579643092,6.583766386571245
59,0.007748471752863774,0.1192560547068266,6.603370923131824
60,0.008274897393805328,0.11968690550924146,6.631885589645172
61,0.007639980860652526,0.11915450496505509,6.59199783974321
62,0.007911597306226707,0.11919984600973944,6.624572866746245
63,0.008627720240997953,0.11667249126425942,6.558309840662411
64,0.007666741108391741,0.1167758443022904,6.517157143859599
65,0.007867981902110736,0.1189449880564085,6.60325720552923
66,0.007265043875374714,0.11716667437216059,6.532728872900788
67,0.008266658084189088,0.11582791115477312,6.504600168063209
68,0.007871201018185088,0.1173206603058476,6.525875036510213
69,0.007352317913058391,0.11770116649967308,6.5416262602461694
70,0.008003132552598281,0.11773763279126781,6.52716024186195
71,0.007248388987625035,0.11789422696337792,6.5553048481839715
72,0.007783981763642531,0.11725465120212471,6.537607287694862
73,0.007450837670830549,0.11761693910827233,6.547885419096584
74,0.00828262221584136,0.11904931088631296,6.559364018930855
75,0.008069994992848299,0.11646550683191137,6.515872604550764
76,0.007525862022420438,0.11617187553566331,6.516464037851862
77,0.008026485512574465,0.11809417251085803,6.56797961783577
78,0.008095703462529543,0.11650163205483977,6.533867368024261
79,0.007996694948572813,0.11852475677661184,6.587413764257662
80,0.007342570943051371,0.11662561872104471,6.519575819668029
