split,model,mae
validation,dummy_train_mean,14.424062023821007
validation,rgb,5.409013337252732
validation,rgb_seed43,5.534235240137671
validation,rgb_seed44,5.390583599446452
validation,rgb_seed45,5.41784499145713
validation,rgb_seed46,5.353495375280081
validation,rgb4_equal,5.167964579794425
validation,grayscale,6.1552392998251255
validation,lab,5.5419114625356425
validation,hsv,5.466098445795188
validation,ycrcb,5.4046165445975
validation,color4_equal,4.965782713667439
validation,rgb_r,7.072011874250618
validation,rgb_g,6.131729361522425
validation,rgb_b,6.504211907210892
validation,lab_l,6.437744425488436
validation,lab_a,6.731704174260691
validation,lab_b,6.546031756354205
validation,hsv_h,6.535694835506987
validation,hsv_s,6.363700572081533
validation,hsv_v,7.190408294003109
validation,ycrcb_y,6.082465753574545
validation,ycrcb_cr,6.490239810689619
validation,ycrcb_cb,6.545308679046883
test,dummy_train_mean,14.31643021848581
test,rgb,4.906690636384083
test,rgb_seed43,5.065920526310896
test,rgb_seed44,4.9929573989844425
test,rgb_seed45,4.984945706747363
test,rgb_seed46,5.111526570296721
test,rgb4_equal,4.743611480871937
test,grayscale,5.997555322693095
test,lab,5.244756215857199
test,hsv,5.285215529269364
test,ycrcb,5.1084049722229965
test,color4_equal,4.598317429136867
test,rgb_r,6.704651173254865
test,rgb_g,5.833319051294027
test,rgb_b,6.059246549588321
test,lab_l,6.067653213984009
test,lab_a,6.052157112048227
test,lab_b,6.029465767488837
test,hsv_h,6.134529377699641
test,hsv_s,5.915098128521752
test,hsv_v,6.743519511272806
test,ycrcb_y,5.694446272391311
test,ycrcb_cr,6.146123895614529
test,ycrcb_cb,5.96320641853321
