epoch,train_loss,val_smooth_l1,mae,lr
1,0.098506,0.210927,9.4966,0.0001
2,0.067774,0.165468,8.2422,0.0001
3,0.056016,0.212467,9.239,0.0001
4,0.048883,0.142954,7.3609,0.0001
5,0.046775,0.147248,7.3237,0.0001
6,0.042742,0.131045,7.1539,0.0001
7,0.036926,0.124798,6.8679,0.0001
8,0.034822,0.147611,7.4793,0.0001
9,0.034569,0.11921,6.6227,0.0001
10,0.030929,0.122579,6.6708,0.0001
11,0.030505,0.115666,6.4419,0.0001
12,0.029613,0.12402,6.7603,0.0001
13,0.026394,0.122313,6.7951,0.0001
14,0.026859,0.1168,6.4562,0.0001
15,0.025351,0.127021,6.8291,0.0001
16,0.026862,0.110234,6.3275,0.0001
17,0.024665,0.1107,6.3006,0.0001
18,0.024358,0.103049,6.1155,0.0001
19,0.021166,0.118199,6.7932,0.0001
20,0.020878,0.107678,6.3083,0.0001
21,0.022227,0.108161,6.2127,0.0001
22,0.020912,0.114857,6.4835,0.0001
23,0.020862,0.105314,6.1871,0.0001
24,0.020802,0.108175,6.2218,5e-05
25,0.017135,0.094245,5.864,5e-05
26,0.016463,0.096851,5.9045,5e-05
27,0.01511,0.096057,5.8584,5e-05
28,0.015238,0.092843,5.8099,5e-05
29,0.016077,0.09953,6.0227,5e-05
30,0.013651,0.094185,5.9418,5e-05
31,0.014776,0.093406,5.8201,5e-05
32,0.012894,0.105646,6.2465,5e-05
33,0.012687,0.090662,5.7756,5e-05
34,0.011668,0.091483,5.7914,5e-05
35,0.012504,0.098421,6.0291,5e-05
36,0.012421,0.099896,6.061,5e-05
37,0.012688,0.092038,5.7531,5e-05
38,0.012058,0.115226,6.6607,5e-05
39,0.011056,0.090647,5.752,5e-05
40,0.011203,0.099799,6.022,5e-05
41,0.011258,0.095215,5.8302,5e-05
42,0.010474,0.095969,5.9401,5e-05
43,0.010064,0.093394,5.8951,5e-05
44,0.010437,0.094495,5.8518,5e-05
45,0.010493,0.098852,5.9907,2.5e-05
46,0.009323,0.092089,5.7338,2.5e-05
47,0.008375,0.091982,5.7522,2.5e-05
48,0.009217,0.097707,6.0636,2.5e-05
49,0.008634,0.091978,5.8057,2.5e-05
50,0.008208,0.095315,5.9805,2.5e-05
51,0.008762,0.098536,5.9886,1.25e-05
52,0.007808,0.092961,5.8611,1.25e-05
53,0.007437,0.093281,5.8549,1.25e-05
54,0.007112,0.092021,5.8043,1.25e-05
55,0.007045,0.089717,5.7298,1.25e-05
56,0.006792,0.090981,5.7738,1.25e-05
57,0.007422,0.091168,5.7774,1.25e-05
58,0.006408,0.092289,5.8066,1.25e-05
59,0.006792,0.090773,5.7634,1.25e-05
60,0.006788,0.091076,5.7519,1.25e-05
61,0.007106,0.093103,5.8709,6.25e-06
62,0.007234,0.08897,5.6764,6.25e-06
63,0.006171,0.093708,5.8252,6.25e-06
64,0.006503,0.090926,5.724,6.25e-06
65,0.006313,0.092402,5.8139,6.25e-06
66,0.00611,0.091062,5.7696,6.25e-06
67,0.006043,0.08996,5.7177,6.25e-06
68,0.005753,0.089908,5.683,3.125e-06
69,0.006283,0.091975,5.8045,3.125e-06
70,0.005671,0.089783,5.6792,3.125e-06
71,0.005747,0.092282,5.8124,3.125e-06
72,0.00577,0.090457,5.749,3.125e-06
73,0.005929,0.089954,5.7288,3.125e-06
74,0.005775,0.090334,5.7053,1.5625e-06
75,0.005651,0.091928,5.7866,1.5625e-06
76,0.005718,0.090091,5.7391,1.5625e-06
77,0.005711,0.092115,5.8323,1.5625e-06
78,0.005882,0.090692,5.7758,1.5625e-06
79,0.005977,0.089476,5.7285,1.5625e-06
80,0.005621,0.090127,5.7239,7.8125e-07
